{"cameraMode":{"drawMode":0,"name":"Shaded","section":"Shading Mode"},"sceneLighting":false,"audioPlay":false,"sceneViewState":{"m_AlwaysRefresh":false,"showFog":true,"showSkybox":false,"showFlares":true,"showImageEffects":true,"showParticleSystems":true,"showVisualEffectGraphs":true,"m_FxEnabled":true},"in2DMode":false,"pivot":{"x":0.9010301828384399,"y":3.5557141304016115,"z":-3.000000476837158},"rotation":{"x":-0.010957613587379456,"y":0.6982746720314026,"z":-0.010691012255847454,"w":-0.7156686186790466},"size":3.3634066581726076,"orthographic":false}